{
  "meterH": 17.5,
  "x": 0,
  "vAlign": 2,
  "y": 0,
  "widgetRefresh": 5,
  "hAlign": 3,
  "flashColors": {
    "normal": 16777215,
    "danger": 16739585,
    "up": 5212725,
    "warning": 16767334,
    "down": 13369344,
    "critical": 16711680
  },
  "vA": "center",
  "meters": {
    "meter2": {
      "y": 360,
      "x": 1280,
      "n": 2,
      "color": 7018444
    },
    "meter3": {
      "y": 415.82500100135803,
      "x": 1280,
      "n": 3,
      "color": 15919496
    },
    "meter1": {
      "y": 304.17499899864197,
      "x": 1280,
      "n": 1,
      "color": 12632256
    }
  },
  "hA": "right",
  "vGap": 2.1900000572204599,
  "meterW": 150
}